Workbook

Sheet Титул
A1: МИНИСТЕРСТВО НАУКИ И ВЫСШЕГО ОБРАЗОВАНИЯ РОССИЙСКОЙ ФЕДЕРАЦИИ
A2: федеральное государственное бюджетное образовательное
A3: учреждение высшего образования
A4: «УЛЬЯНОВСКИЙ ГОСУДАРСТВЕННЫЙ ТЕХНИЧЕСКИЙ УНИВЕРСИТЕТ»
A10: ИНДИВИДУАЛЬНЫЙ ПЛАН
A11: ПРЕПОДАВАТЕЛЯ
A12: (на 1 год)
A15: Факультет | F15: ИСТ
A16: Кафедра | F16: «Информационные системы»
A17: Фамилия | F17: Андреев
A18: Имя | F18: Илья
A19: Отчество | F19: Алексеевич
A20: Должность | F20: доцент
A21: Год рождения | F21: 1994
A22: Ученая степень и год присуждения | F22: к.т.н.
A23: Ученое звание и год присвоения

Sheet Осенний сем.
A1: Утверждаю | H1: 1. УЧЕБНАЯ РАБОТА
A2: Зав. кафедрой _______________А.А.Романов___ | D2: 1.1 Нагрузка преподавателя по программам высшего образования (ВО) 2025/2026уч. год
I3: a) Осенний семестр
A4: "____"______________________2025г
A6: Дисциплина N группы (потока) | D6: количество часов по видам учебной работы
D7: Студентов | E7: Лекции | F7: практ. занятия и семинары | G7: лабораторные занятия | H7: курсовое проектирование | I7: консультации | J7: зачеты | K7: экзамены | L7: Диф. Зачеты | M7: руководство практиками студентов | N7: расчетно-графические работы | O7: рук-во дипл. проектом (вып. работой) | P7: рецензирование дипл. Проектов (вып. работ) | Q7: работа в ГИА | R7: Рефераты, РГР | S7: руководство аспирантами | T7: Другие виды работ | U7: всего часов | V7: всего часов фактически
A8: 09.03.03 ИСЭбд-2 Организация вычислительных машин и систем | D8: 59 | E8: 16 | G8: 32 | I8: 1.6 | J8: 11.8 | U8: =SUM(E8:T8) -> 61.4 | V8: =U8 -> 61.4
A9: 09.03.04 ПИбд-2 Организация вычислительных машин и систем | D9: 108 | I9: 3.2 | J9: 22 | U9: =SUM(E9:T9) -> 25.2 | V9: =U9 -> 25.2
A10: 09.03.04. ПИбд-2 Современные сервисные платформенные решения | D10: 108 | E10: 16 | G10: 32 | I10: 3.2 | J10: 22 | U10: =SUM(E10:T10) -> 73.2 | V10: =U10 -> 73.2
U11: =SUM(E11:T11) -> 0 | V11: =U11 -> 0
U12: =SUM(E12:T12) -> 0 | V12: =U12 -> 0
U13: =SUM(E13:T13) -> 0 | V13: =U13 -> 0
U14: =SUM(E14:T14) -> 0 | V14: =U14 -> 0
U15: =SUM(E15:T15) -> 0 | V15: =U15 -> 0
U16: =SUM(E16:T16) -> 0 | V16: =U16 -> 0
U17: =SUM(E17:T17) -> 0 | V17: =U17 -> 0
U18: =SUM(E18:T18) -> 0 | V18: =U18 -> 0
U19: =SUM(E19:T19) -> 0 | V19: =U19 -> 0
A20: Итого за семестр | E20: =SUM(E8:E19) -> 32 | F20: =SUM(F8:F19) -> 0 | G20: =SUM(G8:G19) -> 64 | H20: =SUM(H8:H19) -> 0 | I20: =SUM(I8:I19) -> 8 | J20: =SUM(J8:J19) -> 55.8 | K20: =SUM(K8:K19) -> 0 | L20: =SUM(L8:L19) -> 0 | ... U20: =SUM(U8:U19) -> 159.8 | V20: =U20 -> 159.8
A21: Фактически выполнено | E21: =E20 -> 32 | F21: =F20 -> 0 | G21: =G20 -> 64 | H21: =H20 -> 0 | I21: =I20 -> 8 | J21: =J20 -> 55.8 | K21: =K20 -> 0 | L21: =L20 -> 0 | ... V21: =V20 -> 159.8

Sheet Весенний сем.
A1: a) Весенний семестр
A3: Дисциплина N группы (потока) | D3: количество часов по видам учебной работы
D4: Студентов | E4: Лекции | F4: практ. Занятия и семинары | G4: лабораторные занятия | H4: курсовое проектирование | I4: консультации | J4: зачеты | K4: экзамены | L4: Диф. Зачеты | M4: руководство практиками студентов | N4: расчетно-графические работы | O4: рук-во дипл. Проектом (вып. работой) | P4: рецензирование дипл. Проектов (вып. работ) | Q4: работа в ГИА | R4: Рефераты, РГР | S4: руководство аспирантами | T4: Другие виды работ | U4: всего часов | V4: всего часов фактически
A5: 09.03.03 ИСЭбд-4 Гос.экзамен бакалавра (консультации) | D5: 25 | Q5: 2 | U5: =SUM(E5:T5) -> 2 | V5: =U5 -> 2
A6: 09.03.04 ПИбд-4 Гос.экзамен бакалавра (консультации) | D6: 92 | Q6: 2 | U6: =SUM(E6:T6) -> 2 | V6: =U6 -> 2
A7: 09.03.03 ИСЭбд-2 Организация вычислительных машин и систем | D7: 59 | E7: 16 | G7: 64 | I7: 5.6 | K7: 17.7 | U7: =SUM(E7:T7) -> 103.3 | V7: =U7 -> 103.3
A8: 09.03.04 ПИбд-2 Организация вычислительных машин и систем | D8: 108 | I8: 11.2 | K8: 32.4 | U8: =SUM(E8:T8) -> 43.6 | V8: =U8 -> 43.6
A9: 09.03.04. ПИбд-2 Современные сервисные платформенные решения | D9: 108 | E9: 16 | I9: 11.2 | K9: 32.4 | U9: =SUM(E9:T9) -> 59.6 | V9: =U9 -> 59.6
U10: =SUM(E10:T10) -> 0 | V10: =U10 -> 0
U11: =SUM(E11:T11) -> 0 | V11: =U11 -> 0
U12: =SUM(E12:T12) -> 0 | V12: =U12 -> 0
U13: =SUM(E13:T13) -> 0 | V13: =U13 -> 0
U14: =SUM(E14:T14) -> 0 | V14: =U14 -> 0
U15: =SUM(E15:T15) -> 0 | V15: =U15 -> 0
U16: =SUM(E16:T16) -> 0 | V16: =U16 -> 0
U17: =SUM(E17:T17) -> 0 | V17: =U17 -> 0
A18: Итого за семестр | E18: =SUM(E5:E17) -> 32 | F18: =SUM(F5:F17) -> 0 | G18: =SUM(G5:G17) -> 64 | H18: =SUM(H5:H17) -> 0 | I18: =SUM(I5:I17) -> 28 | J18: =SUM(J5:J17) -> 0 | K18: =SUM(K5:K17) -> 82.5 | L18: =SUM(L5:L17) -> 0 | ... T18: =SUM(T5:T17) -> 0 | U18: =SUM(E18:T18) -> 210.5 | V18: =U18 -> 210.5
A19: Фактически выполнено | E19: =E18 -> 32 | F19: =F18 -> 0 | G19: =G18 -> 64 | H19: =H18 -> 0 | I19: =I18 -> 28 | J19: =J18 -> 0 | K19: =K18 -> 82.5 | L19: =L18 -> 0 | ... U19: =U18 -> 210.5 | V19: =U19 -> 210.5
A20: Итого за учебный год по ВО | E20: =SUM(E18,'Осенний сем.'!E20) -> 64 | F20: =SUM(F18,'Осенний сем.'!F20) -> 0 | G20: =SUM(G18,'Осенний сем.'!G20) -> 128 | H20: =SUM(H18,'Осенний сем.'!H20) -> 0 | I20: =SUM(I18,'Осенний сем.'!I20) -> 36 | J20: =SUM(J18,'Осенний сем.'!J20) -> 55.8 | K20: =SUM(K18,'Осенний сем.'!K20) -> 82.5 | L20: =SUM(L18,'Осенний сем.'!L20) -> 0 | ... V20: =SUM(V18,'Осенний сем.'!V20) -> 370.3
A21: Фактически выполнено за учебный год по ВО | E21: =SUM(E19,'Осенний сем.'!E21) -> 64 | F21: =SUM(F19,'Осенний сем.'!F21) -> 0 | G21: =SUM(G19,'Осенний сем.'!G21) -> 128 | H21: =SUM(H19,'Осенний сем.'!H21) -> 0 | I21: =SUM(I19,'Осенний сем.'!I21) -> 36 | J21: =SUM(J19,'Осенний сем.'!J21) -> 55.8 | K21: =SUM(K19,'Осенний сем.'!K21) -> 82.5 | L21: =SUM(L19,'Осенний сем.'!L21) -> 0 | ... V21: =SUM(V19,'Осенний сем.'!V21) -> 370.3

Sheet УМР
A1: 2. УЧЕБНО-МЕТОДИЧЕСКАЯ РАБОТА
A2: (учитывается по второй половине рабочего дня)
B3: Вид работы | C3: Нормы времени | D3: Осенний семестр | F3: Весенний семестр
D4: кол-во часов | F4: кол-во часов
D5: по плану | E5: факт. выполн. | F5: по плану | G5: факт. выполн.
A6: 1 | B6: 2 | C6: 3 | D6: 4 | E6: 5 | F6: 6 | G6: 7
A7: 2.1. Подготовка к лекционным, практическим, семинарским, лабораторным занятиям и другие виды учебно-методической работы (для программ ВО)
A8: 2.1.1 | B8: Подготовка к лекциям по дисциплинам, вновь вводимым учебным планом или проводимым впервые | C8: До 3 часов на 1 ак. час | E8: =D8 -> 0 | G8: =F8 -> 0
A9: 2.1.2 | B9: Подготовка к лекциям | C9: До 0,75 часа на 1 ак. час
A10: 2.1.3 | B10: Подготовка к практическим, семинарским и лабораторным занятиям | C10: До 0,25 часа на 1 ак. час
A11: 2.1.4 | B11: Составление вариантов заданий для самостоятельной работы студентов и контрольных работ | C11: До 0,5 часа на одну работу студента
A12: 2.1.5 | B12: Подготовка задания на курсовую работу | C12: До 0,75 часа на 1 работу
A13: 2.1.6 | B13: Подготовка задания на курсовой проект | C13: До 1 часа на одно задание
A14: 2.1.7 | B14: Составление задания на производственную практику | C14: До 2 часа на группу
A15: 2.1.8 | B15: Составление задания на выполнение графических работ | C15: До 0,5 часа на одну задание
A16: 2.1.9 | B16: Составление экзаменационных билетов | C16: До 10 часов на один комплект
A17: 2.1.10 | B17: Подготовка презентационных материалов для лекций | C17: До 2 часов на 1 ак. час, но не более 100 часов за учебный год на одну ставку по всем дисциплинам | E17: =D17 -> 0 | G17: =F17 -> 0
A18: 2.1.11 | B18: Составление рабочих программ курсов | C18: До 0,5 часа на 1 час контактной работы курса | E18: =D18 -> 0 | G18: =F18 -> 0
A19: 2.1.12 | B19: Переработка рабочей программы | C19: До 0,25 часа на 1 час контактной работы курса | E19: =D19 -> 0 | G19: =F19 -> 0
A20: 2.1.13 | B20: Подготовка задания на дипломный проект (работу) специалистов, ВКР магистров | C20: До 4 часов на одно задание | E20: =D20 -> 0 | G20: =F20 -> 0
A21: 2.1.14 | B21: Подготовка задания на ВКР бакалавров | C21: До 2 часов на одно задание | E21: =D21 -> 0 | G21: =F21 -> 0
A22: 2.1.15 | B22: Рецензирование реферата по специальности при поступлении в аспирантуру, реферата по иностранному языку* | C22: 2 часа за один реферат | E22: =D22 -> 0 | G22: =F22 -> 0
A23: 2.1.16 | B23: Подбор литературы для письменной части кандидатского экзамена по иностранному языку* | C23: 0,3 часа на 1 аспиранта | E23: =D23 -> 0 | G23: =F23 -> 0
B24: Всего часов | D24: =SUM(D9:D23) -> 0 | E24: =SUM(E9:E23) -> 0 | F24: =SUM(F9:F23) -> 0 | G24: =SUM(G9:G23) -> 0
A25: 2.2. Подготовка электронных обучающих ресурсов (ЭОР) в ЭИОС
A26: 2.2.1 | B26: Подготовка в ЭИОС электронного ресурса по дисциплине технического профиля в зависимости от объема ауд. часов: - до 50 часов; - от 51 до 100 часов; - 101 и более часов | C26: Часов на виды работ: Лекц./КИМ/Практ. 50/30/20 85/50/40 120/65/50 | E26: =D26 -> 0 | G26: =F26 -> 0
A27: 2.2.2 | B27: Корректировка содержания ЭОР | C27: Лекц./КИМ/Практ. 10/10/10 | E27: =D27 -> 0 | G27: =F27 -> 0
B28: Всего часов | D28: =SUM(D26:D27) -> 0 | E28: =SUM(E26:E27) -> 0 | F28: =SUM(F26:F27) -> 0 | G28: =SUM(G26:G27) -> 0
A29: 2.3. Использование в учебном процессе электронных обучающих ресурсов (ЭОР)
A30: 2.3.1 | B30: Регистрация обучающихся студентов в электронной образовательной среде | C30: 0,1 часа на 1 обучающегося | E30: =D30 -> 0 | G30: =F30 -> 0
A31: 2.3.2 | B31: Контактная работа с обучающимися с использованием ЭОР | C31: 0,2 часа на 1 обучающегося в семестр | E31: =D31 -> 0 | G31: =F31 -> 0
A32: 2.3.3 | B32: Проверка тестовых и практических заданий | C32: 0,4 часа на 1 обучающегося | G32: =F32 -> 0
A33: 2.3.4 | B33: Формирование статистики по успеваемости обучающихся | C33: 0,1 часа на 1 обучающегося | E33: =D33 -> 0 | G33: =F33 -> 0
A34: 2.3.5 | B34: Другие виды работ, не вошедшие в перечень | C34: По предложениям кафедр и факультетов, согласованным с Учебным управлением | E34: =D34 -> 0 | G34: =F34 -> 0
B35: Всего часов | D35: =SUM(D30:D33) -> 0 | E35: =SUM(E30:E33) -> 0 | F35: =SUM(F30:F33) -> 0 | G35: =SUM(G30:G33) -> 0

Sheet УМР (2)
A2: 2.4.1 | B2: Разработка, написание и внутривузовское издание учебно-методических материалов по вновь проводимым дисциплинам | C2: До 50 часов на 1 п. л. | E2: =D2 -> 0 | G2: =F2 -> 0
A3: 2.4.2 | B3: Переработка и внутривузовское издание учебно-методических материалов | C3: До 30 часов на 1 п. л. | E3: =D3 -> 0 | G3: =F3 -> 0
A4: 2.4.3 | B4: Написание учебников, учебных пособий с грифом УМО (без дополнительной оплаты) | C4: До 75 часов на 1 п. л. | E4: =D4 -> 0 | G4: =F4 -> 0
B5: Всего часов | D5: =SUM(D2:D4) -> 0 | E5: =SUM(E2:E4) -> 0 | F5: =SUM(F2:F4) -> 0 | G5: =SUM(G2:G4) -> 0
A6: Итого часов по данному разделу | D6: =SUM(D5,УМР!D35,УМР!D28,УМР!D24) -> 0 | E6: =SUM(E5,УМР!E35,УМР!E28,УМР!E24) -> 0 | F6: =SUM(F5,УМР!F35,УМР!F28,УМР!F24) -> 0 | G6: =SUM(G5,УМР!G35,УМР!G28,УМР!G24) -> 0

Sheet НИР
A2: (учитывается по второй половине рабочего дня)
B3: Вид работы | C3: Нормы времени | D3: Осенний семестр | F3: Весенний семестр
D4: кол-во часов | F4: кол-во часов
D5: по плану | E5: факт. выполн. | F5: по плану | G5: факт. выполн.
A6: 1 | B6: 2 | C6: 3 | D6: 4 | E6: 5 | F6: 6 | G6: 7
A7: 3.1. Написание и подготовка к изданию монографий, научных статей, докладов, заявок на изобретение
A8: 3.1.1 | B8: Издание монографии в издательстве УлГТУ | C8: До 50 часов на 1 п.л. | E8: =D8 -> 0 | G8: =F8 -> 0
A9: 3.1.2 | B9: Издание монографии в книжном издательстве России, за рубежом на русском языке | C9: До 100 часов на 1 п.л. | E9: =D9 -> 0 | G9: =F9 -> 0
A10: 3.1.3 | B10: Издание за рубежом монографии на иностранном языке | C10: До 140 часов на 1 п.л. | E10: =D10 -> 0 | G10: =F10 -> 0
A11: 3.1.4 | B11: Подготовка и публикация статьи в ведущих журналах (наличие журнала в Web of Science и SCOPUS) | C11: До 140 часов на 1 п.л. | E11: =D11 -> 0 | G11: =F11 -> 0
A12: 3.1.5 | B12: Подготовка и публикация статей в журнале из списка ВАК | C12: До 50 часов на 1 п.л. | E12: =D12 -> 0 | G12: =F12 -> 0
A13: 3.1.6 | B13: Подготовка и публикация статей в периодических изданиях (обязательно наличие ISBN, ISSN) | C13: До 40 часов на 1 п.л. | E13: =D13 -> 0 | G13: =F13 -> 0
A14: 3.1.7 | B14: Публикация статьи в других изданиях | C14: До 20 часов на 1 п.л. | E14: =D14 -> 0 | G14: =F14 -> 0
A15: 3.1.8 | B15: Издание тезисов доклада: | E15: =D15 -> 0 | G15: =F15 -> 0
B16: а) на международной конференции | C16: До 20 часов на 1 п.л. | E16: =D16 -> 0 | G16: =F16 -> 0
B17: б) на Российской конференции | C17: До 15 часов на 1 п.л. | E17: =D17 -> 0 | G17: =F17 -> 0
B18: в) на университетской или региональной конференции | C18: До 10 часов на 1 п.л. | E18: =D18 -> 0 | G18: =F18 -> 0
A19: 3.1.9 | B19: Подготовка и подача заявки на изобретение | C19: До 50 часов на 1 заявку | E19: =D19 -> 0 | G19: =F19 -> 0
A20: 3.1.10 | B20: Подготовка и подача заявки на грант с финансированием из фонда до 1 млн. руб. | C20: До 15 часов на 1 заявку | E20: =D20 -> 0 | G20: =F20 -> 0
A21: 3.1.11 | B21: Подготовка и подача заявки на грант с финансированием из фонда от 1 до 10 млн. руб. | C21: До 20 часов на 1 заявку | E21: =D21 -> 0 | G21: =F21 -> 0
A22: 3.1.12 | B22: Подготовка и подача заявки на грант с финансированием из фонта более 10 млн. руб. | C22: До 50 часов на 1 заявку | E22: =D22 -> 0 | G22: =F22 -> 0
B23: Всего часов | D23: =SUM(D8:D22) -> 0 | E23: =SUM(E8:E22) -> 0 | F23: =SUM(F8:F22) -> 0 | G23: =SUM(G8:G22) -> 0
A24: 3.2. Другие виды научно-исследовательских работ
A25: 3.1.1 | B25: Рецензирование учебников, учебных пособий, монографий, научных статей и докладов, авторефератов, диссертаций и др. | C25: До 10 часов на 1 п.л. | E25: =D25 -> 0 | G25: =F25 -> 0
A26: 3.1.2 | B26: Руководство госбюджетной научно-исследовательской лабораторией | C26: До 100 часов в год | E26: =D26 -> 0 | G26: =F26 -> 0
A27: 3.1.3 | B27: Подготовка студенческих научных работ и экспонатов для университетских конференций и выставок | C27: До 5 часов на одну работу | E27: =D27 -> 0 | G27: =F27 -> 0
A28: 3.1.4 | B28: Подготовка студенческих научных работ и экспонатов для региональных и всероссийских конференций и выставок | C28: До 10 часов на одну работу | E28: =D28 -> 0 | G28: =F28 -> 0
A29: 3.1.5 | B29: Научно-методическое руководство лабораторией, имеющей финансировано финансирование | C29: До 60 часов в год | E29: =D29 -> 0 | G29: =F29 -> 0
B30: Всего часов | D30: =SUM(D25:D29) -> 0 | E30: =SUM(E25:E29) -> 0 | F30: =SUM(F25:F29) -> 0 | G30: =SUM(G25:G29) -> 0
A31: Итого часов по данному разделу | D31: =SUM(D30,D23) -> 0 | E31: =SUM(E30,E23) -> 0 | F31: =SUM(F30,F23) -> 0 | G31: =SUM(G30,G23) -> 0

Sheet ОМР
A1: 4. ОРГАНИЗАЦИОННО-МЕТОДИЧЕСКАЯ РАБОТА
A2: (учитывается по второй половине рабочего дня)
B3: Вид работы | C3: Нормы времени | D3: Осенний семестр | F3: Весенний семестр
D4: кол-во часов | F4: кол-во часов
D5: по плану | E5: факт. выполн. | F5: по плану | G5: факт. выполн.
A6: 1 | B6: 2 | C6: 3 | D6: 4 | E6: 5 | F6: 6 | G6: 7
A7: 4.1. Участие в проведении работы по профессиональной ориентации молодежи при поступлении в вуз, исполнение обязанностей, проведение олимпиад, конференций и другие организационно-методические работы
A8: 4.1.1 | B8: Исполнение обязанностей: | E8: =D8 -> 0 | G8: =F8 -> 0
B9: - заместителя декана по НИР и НИРС, воспитательной, спортивно-массовой работе; | C9: До 100 часов в год | E9: =D9 -> 0 | G9: =F9 -> 0
B10: - секретаря Ученого совета университета; | C10: До 600 часов в год | E10: =D10 -> 0 | G10: =F10 -> 0
B11: - секретаря Ученого совета факультета; | C11: До 100 часов в год | E11: =D11 -> 0 | G11: =F11 -> 0
B12: - заместителя заведующего кафедрой; | C12: До 100 часов в год | E12: =D12 -> 0 | G12: =F12 -> 0
B13: - ответсвенного по НИРС на кафедре; | C13: До 50 часов в год | E13: =D13 -> 0 | G13: =F13 -> 0
B14: - члена научно-методического совета университета; | C14: До 50 часов в год | E14: =D14 -> 0 | G14: =F14 -> 0
B15: - руководителя методических комиссий факультета; | C15: До 100 часов в год | E15: =D15 -> 0 | G15: =F15 -> 0
B16: - технического секретаря ГЭК | C16: До 1 часа на одного экзаменующегося/за-нимающегося | E16: =D16 -> 0 | G16: =F16 -> 0
A17: 4.1.2 | B17: Работа в качестве куратора группы (включая разработку годовых планов работы и подготовку отчетов) | C17: До 50 часов в год | E17: =D17 -> 0 | G17: =F17 -> 0
A18: 4.1.3 | B18: Организационная работа по проведению олимпиад или конкурсов, по подготовке студентов к участию в олимпиадах или конкурсах: | E18: =D18 -> 0 | G18: =F18 -> 0
B19: - межвузовских (региональных) | C19: До 50 часов на одну олимпиаду, конкурс | E19: =D19 -> 0 | G19: =F19 -> 0
B20: - всероссийскийх | C20: До 75 часов на одну олимпиаду, конкурс | E20: =D20 -> 0 | G20: =F20 -> 0
B21: - международных | C21: До 100 часов на одну олимпиаду, конкурс | E21: =D21 -> 0 | G21: =F21 -> 0
A22: 4.1.4 | B22: Работа в приемной комиссии в качестве: | E22: =D22 -> 0 | G22: =F22 -> 0
B23: - ответственного секретаря; | C23: До 600 часов | E23: =D23 -> 0 | G23: =F23 -> 0
B24: - зам.ответсвенного секретаря; | C24: До 600 часов | E24: =D24 -> 0 | G24: =F24 -> 0
B25: - председателя экзаменационной комиссии; | C25: До 600 часов | E25: =D25 -> 0 | G25: =F25 -> 0
B26: - председателя предметной комиссии; | C26: До 200 часов | E26: =D26 -> 0 | G26: =F26 -> 0
B27: - председателя экзаменационной комиссии по приему в магистратуру; | C27: До 200 часов | E27: =D27 -> 0 | G27: =F27 -> 0
A28: 4.1.5 | B28: Взаимное посещение занятий (с оформлением в журнале взаимопосещений и в индивидуальном плане преподавателя) | C28: 2,5 часа на одно посещение | E28: =D28 -> 0 | G28: =F28 -> 0
A29: 4.1.6 | B29: Работа в качестве ответственного за трудоустройство выпускников и практику студентов выпускающей кафедры | C29: До 70 часов в год | E29: =D29 -> 0 | G29: =F29 -> 0
B30: Всего часов | D30: =SUM(D8:D29) -> 0 | E30: =SUM(E8:E29) -> 0 | F30: =SUM(F8:F29) -> 0 | G30: =SUM(G8:G29) -> 0
A31: 4.2. Организационно-методическая работа по физической подготовке
E32: =D32 -> 0 | G32: =F32 -> 0
E33: =D33 -> 0 | G33: =F33 -> 0
E34: =D34 -> 0 | G34: =F34 -> 0
B35: Всего часов | D35: =SUM(D32:D34) -> 0 | E35: =SUM(E32:E34) -> 0 | F35: =SUM(F32:F34) -> 0 | G35: =SUM(G32:G34) -> 0
A36: Итого часов по данному разделу | D36: =SUM(D35,D30) -> 0 | E36: =SUM(E35,E30) -> 0 | F36: =SUM(F35,F30) -> 0 | G36: =SUM(G35,G30) -> 0
A37: Перечень опубликованных в учебном году научных и научно-методических работ
A38: № | B38: Название | C38: Вид публикации (учебник, учебное пособие, монография, методические указания, статья, тезисы и т. п.) | D38: Объем (п.л.) | E38: Издательство | G38: Год

Sheet ОМР (2)
A1: Перечень опубликованных в учебном году научных и научно-методических работ
A2: № | B2: Название | D2: Вид публикации (учебник, учебное пособие, монография, методические указания, статья, тезисы и т. п.) | F2: Объем (п.л.) | G2: Издательство | I2: Год
A19: Перечень материалов, сданных в учебном году в печать
A20: № | B20: Название | D20: Вид публикации (учебник, учебное пособие, монография, методические указания, статья, тезисы и т. п.) | F20: Объем (п.л.) | G20: Издательство | I20: Год
A36: Участие в хоздоговорной НИР
A37: (сверх 6-часового рабочего дня преподавателя – для ВО)
A38: Содержание выполняемой работы • | D38: В качестве кого участвует в НИР | E38: Планируемый срок выполнения | G38: Отметка о фактическом выполнении

Sheet Сводная таблица
A1: СВОБОДНАЯ ТАБЛИЦА
A2: нормируемой работы, выполняемой в течение 6-часового рабочего дня
A3: на 2025/2026 учебный год
A4: (количество занимаемых ставок – | H4: 0.43 | I4: )
A6: Вид работы | G6: план на год в часах | H6: факт. выполн. в часах | I6: примечание
A7: 1 Учебная работа
A8: 2 Учебно-методическая работа | I8: заполните пункты
A9: 3 Научно-исследовательская работа (по госбюджету) | I9: 2-4 так, чтобы добрать
A10: 4 Организационно-методическая работа | I10: =G11-G7 -> 0
A11: Всего | I11: часов
A13: План повышения квалификации за учебный год
A14: Форма повышения квалификации преподавателя | G14: Срок выполнения (причина невыполнения)
A20: Замечания зав. кафедрой и декана о выполнении преподавателем плана работы за учебный год
A21: Дата | B21: Содержание замечаний
A30: Преподаватель | F30: ( И.А.Андреев)
A31: Зав. кафедрой | F31: (А.А.Романов)
A32: Декан факультета | F32: (К. В. Святов)
